Flow Duration,Flow Bytes/s,Flow Packets/s,Total Fwd Packets,Total Length of Fwd Packets,Fwd Packets/s,SYN Flag Count,ACK Flag Count,Init_Win_bytes_forward,act_data_pkt_fwd,Label,Source_File
3.096235752105713,2189.7557365872426,36.49592894312071,113,6780,36.49592894312071,113,0,512,113,ATTACK,syn_flood_basic.csv
4.986129522323608,1973.474607096532,32.89124345160886,164,9840,32.89124345160886,164,0,512,164,ATTACK,syn_flood_basic.csv
4.912945032119751,1892.958284531712,31.5493047421952,155,9300,31.5493047421952,155,0,512,155,ATTACK,syn_flood_basic.csv
4.925522804260254,2009.938922917411,33.49898204862352,165,9900,33.49898204862352,165,0,512,165,ATTACK,syn_flood_basic.csv
4.972902774810791,2075.246685351224,34.58744475585374,172,10320,34.58744475585374,172,0,512,172,ATTACK,syn_flood_basic.csv
4.993907690048218,2042.488694840396,34.04147824733993,170,10200,34.04147824733993,170,0,512,170,ATTACK,syn_flood_basic.csv
4.941715717315674,1942.6451356482912,32.377418927471524,160,9600,32.377418927471524,160,0,512,160,ATTACK,syn_flood_basic.csv
4.937307357788086,2175.2747442507853,36.254579070846425,179,10740,36.254579070846425,179,0,512,179,ATTACK,syn_flood_basic.csv
4.909672260284424,2321.9472493546,38.69912082257667,190,11400,38.69912082257667,190,0,512,190,ATTACK,syn_flood_basic.csv
4.955554485321045,1888.7896455836487,31.47982742639416,156,9360,31.47982742639416,156,0,512,156,ATTACK,syn_flood_basic.csv
4.924185514450073,2034.8542861750848,33.91423810291809,167,10020,33.91423810291809,167,0,512,167,ATTACK,syn_flood_basic.csv
4.975851774215698,1881.08497292915,31.35141621548584,156,9360,31.35141621548584,156,0,512,156,ATTACK,syn_flood_basic.csv
4.966662645339966,2065.7734846610883,34.4295580776848,171,10260,34.4295580776848,171,0,512,171,ATTACK,syn_flood_basic.csv
4.966769456863403,1969.086764533708,32.818112742228465,163,9780,32.818112742228465,163,0,512,163,ATTACK,syn_flood_basic.csv
4.93596339225769,1932.753394193315,32.212556569888584,159,9540,32.212556569888584,159,0,512,159,ATTACK,syn_flood_basic.csv
4.992981910705566,2066.901139351748,34.448352322529125,172,10320,34.448352322529125,172,0,512,172,ATTACK,syn_flood_basic.csv
4.988745212554932,1900.2774437431967,31.671290729053293,158,9480,31.671290729053293,158,0,512,158,ATTACK,syn_flood_basic.csv
4.920598030090332,1975.3696482745536,32.92282747124256,162,9720,32.92282747124256,162,0,512,162,ATTACK,syn_flood_basic.csv
4.96048378944397,1850.6259448998228,30.84376574833038,153,9180,30.84376574833038,153,0,512,153,ATTACK,syn_flood_basic.csv
4.982071399688721,2011.211641933925,33.520194032232084,167,10020,33.520194032232084,167,0,512,167,ATTACK,syn_flood_basic.csv
4.933633804321289,2055.280225929728,34.25467043216212,169,10140,34.25467043216212,169,0,512,169,ATTACK,syn_flood_basic.csv
4.981318712234497,2156.055578941726,35.93425964902876,179,10740,35.93425964902876,179,0,512,179,ATTACK,syn_flood_basic.csv
4.96835994720459,1823.5393764289445,30.392322940482405,151,9060,30.392322940482405,151,0,512,151,ATTACK,syn_flood_basic.csv
4.975629568099976,2351.4612251305184,39.19102041884197,195,11700,39.19102041884197,195,0,512,195,ATTACK,syn_flood_basic.csv
4.990095853805542,1935.834557693536,32.26390929489227,161,9660,32.26390929489227,161,0,512,161,ATTACK,syn_flood_basic.csv
4.86440110206604,1677.4932471202328,27.95822078533721,136,8160,27.95822078533721,136,0,512,136,ATTACK,syn_flood_basic.csv
4.966939449310303,1775.7413976980783,29.59568996163464,147,8820,29.59568996163464,147,0,512,147,ATTACK,syn_flood_basic.csv
4.946030139923096,1989.474330245993,33.157905504099894,164,9840,33.157905504099894,164,0,512,164,ATTACK,syn_flood_basic.csv
4.954250335693359,1925.6192871943065,32.093654786571776,159,9540,32.093654786571776,159,0,512,159,ATTACK,syn_flood_basic.csv
4.976827383041382,1977.163209142024,32.95272015236707,164,9840,32.95272015236707,164,0,512,164,ATTACK,syn_flood_basic.csv
4.949663639068604,2084.990163481484,34.74983605802472,172,10320,34.74983605802472,172,0,512,172,ATTACK,syn_flood_basic.csv
4.922245740890503,1865.002375590295,31.08337292650492,153,9180,31.08337292650492,153,0,512,153,ATTACK,syn_flood_basic.csv
4.925880432128906,2046.3346885672468,34.105578142787444,168,10080,34.105578142787444,168,0,512,168,ATTACK,syn_flood_basic.csv
4.955759763717651,1925.032781016689,32.083879683611485,159,9540,32.083879683611485,159,0,512,159,ATTACK,syn_flood_basic.csv
4.994418144226074,2066.3067652696845,34.43844608782808,172,10320,34.43844608782808,172,0,512,172,ATTACK,syn_flood_basic.csv
4.970117568969727,1895.3273980504057,31.588789967506763,157,9420,31.588789967506763,157,0,512,157,ATTACK,syn_flood_basic.csv
4.943249940872192,1832.802328097827,30.54670546829712,151,9060,30.54670546829712,151,0,512,151,ATTACK,syn_flood_basic.csv
4.927529573440552,2374.4149731872035,39.573582886453394,195,11700,39.573582886453394,195,0,512,195,ATTACK,syn_flood_basic.csv
4.970459461212158,2124.5520826408083,35.409201377346804,176,10560,35.409201377346804,176,0,512,176,ATTACK,syn_flood_basic.csv
4.955766201019287,2239.8151062326115,37.330251770543526,185,11100,37.330251770543526,185,0,512,185,ATTACK,syn_flood_basic.csv
4.9559831619262695,1694.9210127532244,28.248683545887072,140,8400,28.248683545887072,140,0,512,140,ATTACK,syn_flood_basic.csv
4.947110414505005,2001.1681912279632,33.35280318713272,165,9900,33.35280318713272,165,0,512,165,ATTACK,syn_flood_basic.csv
4.924325466156006,1961.689995186432,32.6948332531072,161,9660,32.6948332531072,161,0,512,161,ATTACK,syn_flood_basic.csv
4.957029104232788,2118.20422660704,35.303403776783995,175,10500,35.303403776783995,175,0,512,175,ATTACK,syn_flood_basic.csv
4.953280687332153,2107.694003027114,35.12823338378523,174,10440,35.12823338378523,174,0,512,174,ATTACK,syn_flood_basic.csv
4.988256454467773,2008.717894009941,33.47863156683235,167,10020,33.47863156683235,167,0,512,167,ATTACK,syn_flood_basic.csv
4.917043924331665,2123.2269145163323,35.38711524193887,174,10440,35.38711524193887,174,0,512,174,ATTACK,syn_flood_basic.csv
4.946190595626831,2013.670886197981,33.561181436633014,166,9960,33.561181436633014,166,0,512,166,ATTACK,syn_flood_basic.csv
4.943904876708984,1905.3764655501675,31.75627442583612,157,9420,31.75627442583612,157,0,512,157,ATTACK,syn_flood_basic.csv
4.9454498291015625,1977.575415374647,32.95959025624412,163,9780,32.95959025624412,163,0,512,163,ATTACK,syn_flood_basic.csv
4.968724250793457,1811.3301414468283,30.18883569078048,150,9000,30.18883569078048,150,0,512,150,ATTACK,syn_flood_basic.csv
4.972334146499634,1966.883099939052,32.7813849989842,163,9780,32.7813849989842,163,0,512,163,ATTACK,syn_flood_basic.csv
4.927134990692139,2179.765730041689,36.32942883402815,179,10740,36.32942883402815,179,0,512,179,ATTACK,syn_flood_basic.csv
4.88696026802063,1804.8028869226664,30.08004811537777,147,8820,30.08004811537777,147,0,512,147,ATTACK,syn_flood_basic.csv
4.954878568649292,1973.812246758258,32.8968707793043,163,9780,32.8968707793043,163,0,512,163,ATTACK,syn_flood_basic.csv
4.976840257644653,1928.9347262560743,32.14891210426791,160,9600,32.14891210426791,160,0,512,160,ATTACK,syn_flood_basic.csv
4.978245258331299,2109.176919804788,35.152948663413135,175,10500,35.152948663413135,175,0,512,175,ATTACK,syn_flood_basic.csv
4.931826114654541,2056.0335592266265,34.26722598711044,169,10140,34.26722598711044,169,0,512,169,ATTACK,syn_flood_basic.csv
4.985018014907837,1877.626113287586,31.293768554793104,156,9360,31.293768554793104,156,0,512,156,ATTACK,syn_flood_basic.csv
4.935473918914795,2103.141495737524,35.05235826229206,173,10380,35.05235826229206,173,0,512,173,ATTACK,syn_flood_basic.csv
4.966594219207764,2295.335494877302,38.25559158128837,190,11400,38.25559158128837,190,0,512,190,ATTACK,syn_flood_basic.csv
4.961658716201782,2031.57866684478,33.859644447413004,168,10080,33.859644447413004,168,0,512,168,ATTACK,syn_flood_basic.csv
4.993630409240723,2511.199062068091,41.85331770113485,209,12540,41.85331770113485,209,0,512,209,ATTACK,syn_flood_basic.csv
4.928540229797363,1923.4904369218807,32.05817394869802,158,9480,32.05817394869802,158,0,512,158,ATTACK,syn_flood_basic.csv
4.983572721481323,2058.763977853684,34.31273296422807,171,10260,34.31273296422807,171,0,512,171,ATTACK,syn_flood_basic.csv
4.869709968566895,2106.9016566133223,35.11502761022204,171,10260,35.11502761022204,171,0,512,171,ATTACK,syn_flood_basic.csv
4.9511566162109375,2023.76955057184,33.729492509530665,167,10020,33.729492509530665,167,0,512,167,ATTACK,syn_flood_basic.csv
4.966145992279053,2150.561021887872,35.842683698131204,178,10680,35.842683698131204,178,0,512,178,ATTACK,syn_flood_basic.csv
4.930650472640991,2068.69257040169,34.47820950669483,170,10200,34.47820950669483,170,0,512,170,ATTACK,syn_flood_basic.csv
4.974327802658081,1821.351619641693,30.35586032736155,151,9060,30.35586032736155,151,0,512,151,ATTACK,syn_flood_basic.csv
4.971010684967041,2063.966595571304,34.39944325952173,171,10260,34.39944325952173,171,0,512,171,ATTACK,syn_flood_basic.csv
4.968185663223267,2053.0633698947613,34.21772283157936,170,10200,34.21772283157936,170,0,512,170,ATTACK,syn_flood_basic.csv
4.938626766204834,1992.4567022022,33.207611703370006,164,9840,33.207611703370006,164,0,512,164,ATTACK,syn_flood_basic.csv
4.955846071243286,1973.426910240266,32.89044850400443,163,9780,32.89044850400443,163,0,512,163,ATTACK,syn_flood_basic.csv
4.791717052459717,2041.022016310346,34.01703360517244,163,9780,34.01703360517244,163,0,512,163,ATTACK,syn_flood_basic.csv
4.986695528030396,1840.8984363290056,30.681640605483427,153,9180,30.681640605483427,153,0,512,153,ATTACK,syn_flood_basic.csv
4.958677768707275,2044.89996587205,34.0816660978675,169,10140,34.0816660978675,169,0,512,169,ATTACK,syn_flood_basic.csv
4.962989807128906,2127.749685246476,35.46249475410794,176,10560,35.46249475410794,176,0,512,176,ATTACK,syn_flood_basic.csv
4.909856557846069,1955.2506039425875,32.587510065709786,160,9600,32.587510065709786,160,0,512,160,ATTACK,syn_flood_basic.csv
4.897116184234619,1801.0599847302778,30.01766641217129,147,8820,30.01766641217129,147,0,512,147,ATTACK,syn_flood_basic.csv
4.931068181991577,1934.6720929230696,32.244534882051155,159,9540,32.244534882051155,159,0,512,159,ATTACK,syn_flood_basic.csv
4.96936559677124,1883.540226157137,31.39233710261896,156,9360,31.39233710261896,156,0,512,156,ATTACK,syn_flood_basic.csv
4.975001335144043,2122.6124956797125,35.37687492799521,176,10560,35.37687492799521,176,0,512,176,ATTACK,syn_flood_basic.csv
4.923540830612183,1925.4435631076665,32.09072605179444,158,9480,32.09072605179444,158,0,512,158,ATTACK,syn_flood_basic.csv
4.958661317825317,1827.106031103849,30.45176718506416,151,9060,30.45176718506416,151,0,512,151,ATTACK,syn_flood_basic.csv
4.952085018157959,1999.1579231171056,33.31929871861843,165,9900,33.31929871861843,165,0,512,165,ATTACK,syn_flood_basic.csv
4.959386587142944,2093.0007809654985,34.883346349424976,173,10380,34.883346349424976,173,0,512,173,ATTACK,syn_flood_basic.csv
4.953864812850952,2022.6631889523608,33.71105314920602,167,10020,33.71105314920602,167,0,512,167,ATTACK,syn_flood_basic.csv
4.973661184310913,1869.8499265161524,31.16416544193587,155,9300,31.16416544193587,155,0,512,155,ATTACK,syn_flood_basic.csv
4.9548633098602295,1864.8344913193275,31.080574855322123,154,9240,31.080574855322123,154,0,512,154,ATTACK,syn_flood_basic.csv
4.95331883430481,2119.790861690747,35.32984769484579,175,10500,35.32984769484579,175,0,512,175,ATTACK,syn_flood_basic.csv
4.971705913543701,1967.1316385303,32.785527308838326,163,9780,32.785527308838326,163,0,512,163,ATTACK,syn_flood_basic.csv
4.972830057144165,1954.621390295826,32.5770231715971,162,9720,32.5770231715971,162,0,512,162,ATTACK,syn_flood_basic.csv
4.968249559402466,1980.576837445232,33.00961395742052,164,9840,33.00961395742052,164,0,512,164,ATTACK,syn_flood_basic.csv
4.98903226852417,2008.4055305106424,33.47342550851071,167,10020,33.47342550851071,167,0,512,167,ATTACK,syn_flood_basic.csv
4.982705354690552,1842.3726362543705,30.70621060423951,153,9180,30.70621060423951,153,0,512,153,ATTACK,syn_flood_basic.csv
4.960219621658325,2141.034230345121,35.68390383908535,177,10620,35.68390383908535,177,0,512,177,ATTACK,syn_flood_basic.csv
4.994280099868774,1862.130239800599,31.03550399667665,155,9300,31.03550399667665,155,0,512,155,ATTACK,syn_flood_basic.csv
4.936964750289917,1750.0631333234912,29.167718888724856,144,8640,29.167718888724856,144,0,512,144,ATTACK,syn_flood_basic.csv
4.97871994972229,2096.924531893452,34.94874219822419,174,10440,34.94874219822419,174,0,512,174,ATTACK,syn_flood_basic.csv
4.983253717422485,1842.1698995386928,30.702831658978223,153,9180,30.702831658978223,153,0,512,153,ATTACK,syn_flood_basic.csv
4.985357284545898,2009.886037869539,33.498100631158984,167,10020,33.498100631158984,167,0,512,167,ATTACK,syn_flood_basic.csv
4.955989360809326,1864.410782046369,31.07351303410615,154,9240,31.07351303410615,154,0,512,154,ATTACK,syn_flood_basic.csv
4.892820596694946,1863.9555282612391,31.06592547102065,152,9120,31.06592547102065,152,0,512,152,ATTACK,syn_flood_basic.csv
4.9651196002960205,2138.9212858773503,35.64868809795584,177,10620,35.64868809795584,177,0,512,177,ATTACK,syn_flood_basic.csv
4.8783652782440186,2176.958754474962,36.282645907916034,177,10620,36.282645907916034,177,0,512,177,ATTACK,syn_flood_basic.csv
4.931448936462402,1995.3567656849289,33.25594609474881,164,9840,33.25594609474881,164,0,512,164,ATTACK,syn_flood_basic.csv
4.960336446762085,1862.7768699100063,31.04628116516677,154,9240,31.04628116516677,154,0,512,154,ATTACK,syn_flood_basic.csv
4.953277349472046,2204.600960041926,36.7433493340321,182,10920,36.7433493340321,182,0,512,182,ATTACK,syn_flood_basic.csv
4.938517093658447,2041.09853399996,34.01830889999933,168,10080,34.01830889999933,168,0,512,168,ATTACK,syn_flood_basic.csv
4.96296501159668,2043.133484984568,34.0522247497428,169,10140,34.0522247497428,169,0,512,169,ATTACK,syn_flood_basic.csv
4.968749046325684,1907.924894498409,31.798748241640148,158,9480,31.798748241640148,158,0,512,158,ATTACK,syn_flood_basic.csv
4.987660884857178,2177.3733721495737,36.289556202492896,181,10860,36.289556202492896,181,0,512,181,ATTACK,syn_flood_basic.csv
4.944353342056274,2184.30990927288,36.405165154548,180,10800,36.405165154548,180,0,512,180,ATTACK,syn_flood_basic.csv
4.977761745452881,3471.4397521707524,57.85732920284587,288,17280,57.85732920284587,288,0,512,288,ATTACK,syn_flood_basic.csv
0.6676568984985352,7728.520459541573,128.80867432569286,86,5160,128.80867432569286,86,0,512,86,ATTACK,syn_flood_basic.csv
2.0888466835021973,5428.833092234015,90.48055153723358,189,11340,90.48055153723358,189,0,512,189,ATTACK,syn_flood_randip.csv
4.984100341796875,5802.451398796221,96.70752331327034,482,28920,96.70752331327034,482,0,512,482,ATTACK,syn_flood_randip.csv
4.991020202636719,6539.745117191978,108.99575195319964,544,32640,108.99575195319964,544,0,512,544,ATTACK,syn_flood_randip.csv
4.990508556365967,6420.187369307142,107.00312282178572,534,32040,107.00312282178572,534,0,512,534,ATTACK,syn_flood_randip.csv
4.980084419250488,5301.114956596107,88.35191594326845,440,26400,88.35191594326845,440,0,512,440,ATTACK,syn_flood_randip.csv
4.9912073612213135,3377.940201601737,56.29900336002896,281,16860,56.29900336002896,281,0,512,281,ATTACK,syn_flood_randip.csv
4.987509489059448,4848.11107688938,80.80185128148966,403,24180,80.80185128148966,403,0,512,403,ATTACK,syn_flood_randip.csv
4.987698316574097,5521.584958032589,92.02641596720984,459,27540,92.02641596720984,459,0,512,459,ATTACK,syn_flood_randip.csv
4.98471212387085,6379.505818945046,106.32509698241742,530,31800,106.32509698241742,530,0,512,530,ATTACK,syn_flood_randip.csv
4.997416257858276,6327.269606624936,105.45449344374894,527,31620,105.45449344374894,527,0,512,527,ATTACK,syn_flood_randip.csv
4.947309494018555,6549.014174102625,109.15023623504376,540,32400,109.15023623504376,540,0,512,540,ATTACK,syn_flood_randip.csv
4.991808652877808,6502.6530977477705,108.3775516291295,541,32460,108.3775516291295,541,0,512,541,ATTACK,syn_flood_randip.csv
4.992415189743042,6465.808385953061,107.76347309921768,538,32280,107.76347309921768,538,0,512,538,ATTACK,syn_flood_randip.csv
4.991789817810059,6682.973686307033,111.38289477178388,556,33360,111.38289477178388,556,0,512,556,ATTACK,syn_flood_randip.csv
4.997180461883545,6387.602017472202,106.46003362453668,532,31920,106.46003362453668,532,0,512,532,ATTACK,syn_flood_randip.csv
4.988173007965088,6074.368301102853,101.23947168504756,505,30300,101.23947168504756,505,0,512,505,ATTACK,syn_flood_randip.csv
4.9872472286224365,6520.631223847025,108.67718706411708,542,32520,108.67718706411708,542,0,512,542,ATTACK,syn_flood_randip.csv
4.99334716796875,6512.6655339746485,108.54442556624414,542,32520,108.54442556624414,542,0,512,542,ATTACK,syn_flood_randip.csv
4.987753868103027,6628.234045673465,110.47056742789108,551,33060,110.47056742789108,551,0,512,551,ATTACK,syn_flood_randip.csv
4.992868900299072,6405.135131444048,106.75225219073414,533,31980,106.75225219073414,533,0,512,533,ATTACK,syn_flood_randip.csv
4.988185167312622,6579.5472499834505,109.6591208330575,547,32820,109.6591208330575,547,0,512,547,ATTACK,syn_flood_randip.csv
4.992343664169312,6369.753794842423,106.16256324737373,530,31800,106.16256324737373,530,0,512,530,ATTACK,syn_flood_randip.csv
4.981728553771973,5877.478004663725,97.95796674439542,488,29280,97.95796674439542,488,0,512,488,ATTACK,syn_flood_randip.csv
4.979761600494385,3819.459951277932,63.6576658546322,317,19020,63.6576658546322,317,0,512,317,ATTACK,syn_flood_randip.csv
4.971860408782959,5623.649439273821,93.7274906545637,466,27960,93.7274906545637,466,0,512,466,ATTACK,syn_flood_randip.csv
4.998907566070557,6493.418726186914,108.22364543644856,541,32460,108.22364543644856,541,0,512,541,ATTACK,syn_flood_randip.csv
4.986724853515625,6316.771212631193,105.27952021051988,525,31500,105.27952021051988,525,0,512,525,ATTACK,syn_flood_randip.csv
4.993653297424316,4277.429514583502,71.29049190972503,356,21360,71.29049190972503,356,0,512,356,ATTACK,syn_flood_randip.csv
4.991463899612427,5733.788839426899,95.56314732378164,477,28620,95.56314732378164,477,0,512,477,ATTACK,syn_flood_randip.csv
4.989104270935059,6470.099289776936,107.83498816294892,538,32280,107.83498816294892,538,0,512,538,ATTACK,syn_flood_randip.csv
4.98346734046936,6597.8158887469,109.96359814578166,548,32880,109.96359814578166,548,0,512,548,ATTACK,syn_flood_randip.csv
4.993523359298706,6476.389048982411,107.93981748304016,539,32340,107.93981748304016,539,0,512,539,ATTACK,syn_flood_randip.csv
4.991440773010254,5986.247530285705,99.7707921714284,498,29880,99.7707921714284,498,0,512,498,ATTACK,syn_flood_randip.csv
4.956976652145386,3788.599648108488,63.1433274684748,313,18780,63.1433274684748,313,0,512,313,ATTACK,syn_flood_randip.csv
4.9734978675842285,5308.135381351483,88.46892302252473,440,26400,88.46892302252473,440,0,512,440,ATTACK,syn_flood_randip.csv
4.975863456726074,5390.019286752398,89.83365477920664,447,26820,89.83365477920664,447,0,512,447,ATTACK,syn_flood_randip.csv
4.982204437255859,4106.615908212135,68.44359847020225,341,20460,68.44359847020225,341,0,512,341,ATTACK,syn_flood_randip.csv
4.990442514419556,2945.630564328778,49.09384273881296,245,14700,49.09384273881296,245,0,512,245,ATTACK,syn_flood_randip.csv
4.979197502136231,5085.156792663262,84.75261321105437,422,25320,84.75261321105437,422,0,512,422,ATTACK,syn_flood_randip.csv
4.976299047470093,4521.432451178513,75.35720751964188,375,22500,75.35720751964188,375,0,512,375,ATTACK,syn_flood_randip.csv
4.955396413803101,2881.706892353457,48.02844820589095,238,14280,48.02844820589095,238,0,512,238,ATTACK,syn_flood_randip.csv
4.994465351104736,5454.037236232849,90.9006206038808,454,27240,90.9006206038808,454,0,512,454,ATTACK,syn_flood_randip.csv
4.9815943241119385,4950.222437953355,82.5037072992226,411,24660,82.5037072992226,411,0,512,411,ATTACK,syn_flood_randip.csv
4.982597827911377,4985.351187858668,83.08918646431113,414,24840,83.08918646431113,414,0,512,414,ATTACK,syn_flood_randip.csv
4.9939494132995605,5022.077302827413,83.70128838045689,418,25080,83.70128838045689,418,0,512,418,ATTACK,syn_flood_randip.csv
4.987254142761231,5305.524692060354,88.42541153433923,441,26460,88.42541153433923,441,0,512,441,ATTACK,syn_flood_randip.csv
4.989046573638916,4714.3276080593805,78.57212680098968,392,23520,78.57212680098968,392,0,512,392,ATTACK,syn_flood_randip.csv
4.987359046936035,5136.987283026986,85.61645471711643,427,25620,85.61645471711643,427,0,512,427,ATTACK,syn_flood_randip.csv
4.992023944854736,5192.282786767412,86.53804644612353,432,25920,86.53804644612353,432,0,512,432,ATTACK,syn_flood_randip.csv
4.986616134643555,4981.333900443808,83.02223167406345,414,24840,83.02223167406345,414,0,512,414,ATTACK,syn_flood_randip.csv
4.996762990951538,5031.25724504547,83.8542874174245,419,25140,83.8542874174245,419,0,512,419,ATTACK,syn_flood_randip.csv
4.966306924819946,5025.86738553315,83.7644564255525,416,24960,83.7644564255525,416,0,512,416,ATTACK,syn_flood_randip.csv
4.993608951568604,6091.786580614087,101.52977634356812,507,30420,101.52977634356812,507,0,512,507,ATTACK,syn_flood_randip.csv
4.988957405090332,5063.182133851598,84.38636889752664,421,25260,84.38636889752664,421,0,512,421,ATTACK,syn_flood_randip.csv
4.98667049407959,4848.926759589918,80.8154459931653,403,24180,80.8154459931653,403,0,512,403,ATTACK,syn_flood_randip.csv
4.987628221511841,5028.442154495187,83.80736924158646,418,25080,83.80736924158646,418,0,512,418,ATTACK,syn_flood_randip.csv
4.982110261917114,4973.795981477268,82.89659969128779,413,24780,82.89659969128779,413,0,512,413,ATTACK,syn_flood_randip.csv
4.9680774211883545,5120.69314610536,85.34488576842267,424,25440,85.34488576842267,424,0,512,424,ATTACK,syn_flood_randip.csv
4.997677564620972,4910.280761952504,81.8380126992084,409,24540,81.8380126992084,409,0,512,409,ATTACK,syn_flood_randip.csv
4.97360110282898,4596.267277445562,76.60445462409271,381,22860,76.60445462409271,381,0,512,381,ATTACK,syn_flood_randip.csv
4.97709059715271,5461.021749443161,91.01702915738602,453,27180,91.01702915738602,453,0,512,453,ATTACK,syn_flood_randip.csv
4.983683109283447,4827.754789461191,80.46257982435317,401,24060,80.46257982435317,401,0,512,401,ATTACK,syn_flood_randip.csv
4.987024545669556,5257.644064087861,87.62740106813101,437,26220,87.62740106813101,437,0,512,437,ATTACK,syn_flood_randip.csv
4.986013174057007,6149.201562388302,102.48669270647169,511,30660,102.48669270647169,511,0,512,511,ATTACK,syn_flood_randip.csv
4.993103265762329,6404.834488260361,106.747241471006,533,31980,106.747241471006,533,0,512,533,ATTACK,syn_flood_randip.csv
4.99222207069397,6405.965028625911,106.76608381043184,533,31980,106.76608381043184,533,0,512,533,ATTACK,syn_flood_randip.csv
4.9793477058410645,6482.776842865117,108.0462807144186,538,32280,108.0462807144186,538,0,512,538,ATTACK,syn_flood_randip.csv
4.999060153961182,6541.229549736264,109.0204924956044,545,32700,109.0204924956044,545,0,512,545,ATTACK,syn_flood_randip.csv
4.9788658618927,6603.9136044329525,110.0652267405492,548,32880,110.0652267405492,548,0,512,548,ATTACK,syn_flood_randip.csv
4.990337133407593,6264.105843817906,104.40176406363176,521,31260,104.40176406363176,521,0,512,521,ATTACK,syn_flood_randip.csv
4.992360353469849,4879.455462999386,81.32425771665643,406,24360,81.32425771665643,406,0,512,406,ATTACK,syn_flood_randip.csv
4.986448049545288,3321.001208768253,55.35002014613755,276,16560,55.35002014613755,276,0,512,276,ATTACK,syn_flood_randip.csv
4.97565507888794,2496.15373314339,41.6025622190565,207,12420,41.6025622190565,207,0,512,207,ATTACK,syn_flood_randip.csv
4.927123785018921,3957.6842090491778,65.96140348415297,325,19500,65.96140348415297,325,0,512,325,ATTACK,syn_flood_randip.csv
4.9935572147369385,4854.25498449545,80.90424974159083,404,24240,80.90424974159083,404,0,512,404,ATTACK,syn_flood_randip.csv
4.984166145324707,5152.31620520688,85.87193675344801,428,25680,85.87193675344801,428,0,512,428,ATTACK,syn_flood_randip.csv
4.97989821434021,4096.469269443253,68.27448782405422,340,20400,68.27448782405422,340,0,512,340,ATTACK,syn_flood_randip.csv
4.985824108123779,3465.8262355955144,57.76377059325857,288,17280,57.76377059325857,288,0,512,288,ATTACK,syn_flood_randip.csv
4.997884273529053,3373.427449950736,56.22379083251227,281,16860,56.22379083251227,281,0,512,281,ATTACK,syn_flood_randip.csv
4.98094630241394,4721.994290241873,78.69990483736456,392,23520,78.69990483736456,392,0,512,392,ATTACK,syn_flood_randip.csv
4.979260206222534,4591.043458912245,76.51739098187075,381,22860,76.51739098187075,381,0,512,381,ATTACK,syn_flood_randip.csv
4.98277473449707,4900.883804947847,81.68139674913078,407,24420,81.68139674913078,407,0,512,407,ATTACK,syn_flood_randip.csv
4.986045837402344,4765.299151838245,79.42165253063742,396,23760,79.42165253063742,396,0,512,396,ATTACK,syn_flood_randip.csv
4.989838123321533,5122.410661086886,85.37351101811475,426,25560,85.37351101811475,426,0,512,426,ATTACK,syn_flood_randip.csv
4.994354009628296,5141.80611756659,85.69676862610983,428,25680,85.69676862610983,428,0,512,428,ATTACK,syn_flood_randip.csv
4.989862203598023,4713.557016272016,78.55928360453359,392,23520,78.55928360453359,392,0,512,392,ATTACK,syn_flood_randip.csv
4.9603331089019775,5612.52629385664,93.54210489761066,464,27840,93.54210489761066,464,0,512,464,ATTACK,syn_flood_randip.csv
4.989766359329224,4761.745999504888,79.36243332508147,396,23760,79.36243332508147,396,0,512,396,ATTACK,syn_flood_randip.csv
4.991233825683594,5012.78859572829,83.54647659547149,417,25020,83.54647659547149,417,0,512,417,ATTACK,syn_flood_randip.csv
4.992701292037964,4903.157342707266,81.71928904512112,408,24480,81.71928904512112,408,0,512,408,ATTACK,syn_flood_randip.csv
4.985203742980957,5127.172592692495,85.4528765448749,426,25560,85.4528765448749,426,0,512,426,ATTACK,syn_flood_randip.csv
4.990029335021973,5050.070512238589,84.16784187064316,420,25200,84.16784187064316,420,0,512,420,ATTACK,syn_flood_randip.csv
4.990002870559692,5038.073254090178,83.96788756816964,419,25140,83.96788756816964,419,0,512,419,ATTACK,syn_flood_randip.csv
4.984983682632446,5055.182043583442,84.25303405972403,420,25200,84.25303405972403,420,0,512,420,ATTACK,syn_flood_randip.csv
4.993496656417847,5214.782704727022,86.9130450787837,434,26040,86.9130450787837,434,0,512,434,ATTACK,syn_flood_randip.csv
4.975920915603638,4111.801683953806,68.53002806589676,341,20460,68.53002806589676,341,0,512,341,ATTACK,syn_flood_randip.csv
4.977379322052002,4930.305369991975,82.17175616653292,409,24540,82.17175616653292,409,0,512,409,ATTACK,syn_flood_randip.csv
4.978840351104736,5013.215576286096,83.5535929381016,416,24960,83.5535929381016,416,0,512,416,ATTACK,syn_flood_randip.csv
4.988704204559326,5291.955369066029,88.19925615110049,440,26400,88.19925615110049,440,0,512,440,ATTACK,syn_flood_randip.csv
4.978018760681152,5122.5198670225145,85.37533111704191,425,25500,85.37533111704191,425,0,512,425,ATTACK,syn_flood_randip.csv
4.979960441589356,4831.363678929394,80.52272798215657,401,24060,80.52272798215657,401,0,512,401,ATTACK,syn_flood_randip.csv
4.994916677474976,5069.153628564578,84.48589380940963,422,25320,84.48589380940963,422,0,512,422,ATTACK,syn_flood_randip.csv
4.980479001998901,5107.942426780583,85.13237377967637,424,25440,85.13237377967637,424,0,512,424,ATTACK,syn_flood_randip.csv
4.990961790084839,5097.213937910665,84.95356563184441,424,25440,84.95356563184441,424,0,512,424,ATTACK,syn_flood_randip.csv
4.995335340499878,4552.246936383741,75.87078227306235,379,22740,75.87078227306235,379,0,512,379,ATTACK,syn_flood_randip.csv
4.978718996047974,4543.33735604588,75.72228926743134,377,22620,75.72228926743134,377,0,512,377,ATTACK,syn_flood_randip.csv
4.979147434234619,5085.207926543778,84.7534654423963,422,25320,84.7534654423963,422,0,512,422,ATTACK,syn_flood_randip.csv
4.986010313034058,5006.006492756628,83.43344154594381,416,24960,83.43344154594381,416,0,512,416,ATTACK,syn_flood_randip.csv
4.988384485244751,4895.372454194828,81.58954090324713,407,24420,81.58954090324713,407,0,512,407,ATTACK,syn_flood_randip.csv
4.99111270904541,4748.440153845537,79.14066923075895,395,23700,79.14066923075895,395,0,512,395,ATTACK,syn_flood_randip.csv
4.981246709823608,2830.616675177548,47.17694458629246,235,14100,47.17694458629246,235,0,512,235,ATTACK,syn_flood_randip.csv
4.990431547164917,3907.4777032214815,65.12462838702471,325,19500,65.12462838702471,325,0,512,325,ATTACK,syn_flood_randip.csv
4.959100723266602,3290.919243368358,54.848654056139296,272,16320,54.848654056139296,272,0,512,272,ATTACK,syn_flood_randip.csv
4.987927675247192,5292.779229941754,88.2129871656959,440,26400,88.2129871656959,440,0,512,440,ATTACK,syn_flood_randip.csv
4.981359720230103,4793.871822390076,79.89786370650127,398,23880,79.89786370650127,398,0,512,398,ATTACK,syn_flood_randip.csv
4.993157625198364,4734.479015983568,78.90798359972614,394,23640,78.90798359972614,394,0,512,394,ATTACK,syn_flood_randip.csv
4.988725423812866,5051.3904573123855,84.18984095520644,420,25200,84.18984095520644,420,0,512,420,ATTACK,syn_flood_randip.csv
4.982704401016235,5454.869045503998,90.9144840917333,453,27180,90.9144840917333,453,0,512,453,ATTACK,syn_flood_randip.csv
4.990273714065552,4797.332044637727,79.95553407729545,399,23940,79.95553407729545,399,0,512,399,ATTACK,syn_flood_randip.csv
4.995362281799316,4744.40063863863,79.0733439773105,395,23700,79.0733439773105,395,0,512,395,ATTACK,syn_flood_randip.csv
4.977020025253296,4894.495074642631,81.57491791071051,406,24360,81.57491791071051,406,0,512,406,ATTACK,syn_flood_randip.csv
4.991276979446411,5072.85011516397,84.54750191939951,422,25320,84.54750191939951,422,0,512,422,ATTACK,syn_flood_randip.csv
4.984562635421753,4995.423233936986,83.25705389894978,415,24900,83.25705389894978,415,0,512,415,ATTACK,syn_flood_randip.csv
4.972684860229492,5876.10130569414,97.935021761569,487,29220,97.935021761569,487,0,512,487,ATTACK,syn_flood_randip.csv
4.997793912887573,6386.817975364974,106.44696625608287,532,31920,106.44696625608287,532,0,512,532,ATTACK,syn_flood_randip.csv
4.988276243209839,6423.060479782694,107.05100799637825,534,32040,107.05100799637825,534,0,512,534,ATTACK,syn_flood_randip.csv
4.990712404251099,6407.902802164952,106.79838003608252,533,31980,106.79838003608252,533,0,512,533,ATTACK,syn_flood_randip.csv
4.983644485473633,6308.636198196233,105.14393663660388,524,31440,105.14393663660388,524,0,512,524,ATTACK,syn_flood_randip.csv
4.992627859115601,6345.355771341593,105.75592952235988,528,31680,105.75592952235988,528,0,512,528,ATTACK,syn_flood_randip.csv
4.014506578445435,7443.006859281481,124.05011432135802,498,29880,124.05011432135802,498,0,512,498,ATTACK,syn_flood_randip.csv
4.985930919647217,108.30474964506892,1.8050791607511485,9,540,1.8050791607511485,9,0,512,9,ATTACK,syn_randip_basic.csv
4.985567808151245,120.34737528171196,2.005789588028533,10,600,2.005789588028533,10,0,512,10,ATTACK,syn_randip_basic.csv
4.98692798614502,108.2830956252547,1.804718260420912,9,540,1.804718260420912,9,0,512,9,ATTACK,syn_randip_basic.csv
4.986927270889282,120.31456795097924,2.005242799182988,10,600,2.005242799182988,10,0,512,10,ATTACK,syn_randip_basic.csv
4.987140655517578,108.27847804985508,1.804641300830918,9,540,1.804641300830918,9,0,512,9,ATTACK,syn_randip_basic.csv
4.986370086669922,120.32801207515298,2.005466867919216,10,600,2.005466867919216,10,0,512,10,ATTACK,syn_randip_basic.csv
4.000718593597412,134.97575182223366,2.2495958637038944,9,540,2.2495958637038944,9,0,512,9,ATTACK,syn_randip_basic.csv
4.001448392868042,119.95656394207786,1.9992760657012976,8,480,1.9992760657012976,8,0,512,8,ATTACK,syn_randip_basic.csv
4.982023239135742,108.38969914031888,1.8064949856719807,9,540,1.8064949856719807,9,0,512,9,ATTACK,syn_randip_basic.csv
4.001299619674683,134.95615208238357,2.2492692013730595,9,540,2.2492692013730595,9,0,512,9,ATTACK,syn_randip_basic.csv
4.001273155212402,134.9570446837776,2.24928407806296,9,540,2.24928407806296,9,0,512,9,ATTACK,syn_randip_basic.csv
4.016178369522095,119.51660405389754,1.9919434008982924,8,480,1.9919434008982924,8,0,512,8,ATTACK,syn_randip_basic.csv
4.015902996063232,119.52479939643496,1.9920799899405828,8,480,1.9920799899405828,8,0,512,8,ATTACK,syn_randip_basic.csv
4.0160791873931885,119.51955566682064,1.9919925944470107,8,480,1.9919925944470107,8,0,512,8,ATTACK,syn_randip_basic.csv
4.015826940536499,149.40882883758988,2.4901471472931647,10,600,2.4901471472931647,10,0,512,10,ATTACK,syn_randip_basic.csv
4.016364812850952,134.44993798177651,2.2408322996962755,9,540,2.2408322996962755,9,0,512,9,ATTACK,syn_randip_basic.csv
4.031265497207642,133.95297342088847,2.232549557014808,9,540,2.232549557014808,9,0,512,9,ATTACK,syn_randip_basic.csv
4.016368389129639,149.38868696006796,2.489811449334466,10,600,2.489811449334466,10,0,512,10,ATTACK,syn_randip_basic.csv
4.016259431838989,134.4534657594919,2.240891095991532,9,540,2.240891095991532,9,0,512,9,ATTACK,syn_randip_basic.csv
3.713914155960083,161.5546226444467,2.692577044074112,10,600,2.692577044074112,10,0,512,10,ATTACK,syn_randip_basic.csv
4.016248226165772,134.45384089606603,2.240897348267767,9,540,2.240897348267767,9,0,512,9,ATTACK,syn_randip_basic.csv
4.016145706176758,149.39697010424973,2.489949501737496,10,600,2.489949501737496,10,0,512,10,ATTACK,syn_randip_basic.csv
4.016185283660889,149.3954978723192,2.4899249645386536,10,600,2.4899249645386536,10,0,512,10,ATTACK,syn_randip_basic.csv
4.016415119171143,134.4482539721737,2.240804232869561,9,540,2.240804232869561,9,0,512,9,ATTACK,syn_randip_basic.csv
4.016583204269409,149.3806973455032,2.4896782890917195,10,600,2.4896782890917195,10,0,512,10,ATTACK,syn_randip_basic.csv
4.015903949737549,119.52477101235688,1.9920795168726144,8,480,1.9920795168726144,8,0,512,8,ATTACK,syn_randip_basic.csv
4.016040563583374,149.4008814155604,2.49001469025934,10,600,2.49001469025934,10,0,512,10,ATTACK,syn_randip_basic.csv
4.016187429428101,149.39541805334497,2.489923634222416,10,600,2.489923634222416,10,0,512,10,ATTACK,syn_randip_basic.csv
4.0034003257751465,149.8725960871342,2.4978766014522367,10,600,2.4978766014522367,10,0,512,10,ATTACK,syn_randip_basic.csv
4.020463228225708,134.31288121451374,2.238548020241896,9,540,2.238548020241896,9,0,512,9,ATTACK,syn_randip_basic.csv
4.016084909439087,134.459308549684,2.240988475828067,9,540,2.240988475828067,9,0,512,9,ATTACK,syn_randip_basic.csv
4.01550817489624,149.42068945370875,2.49034482422848,10,600,2.49034482422848,10,0,512,10,ATTACK,syn_randip_basic.csv
4.015592098236084,119.53405332450176,1.992234222075029,8,480,1.992234222075029,8,0,512,8,ATTACK,syn_randip_basic.csv
4.000681877136231,134.97699056905344,2.249616509484224,9,540,2.249616509484224,9,0,512,9,ATTACK,syn_randip_basic.csv
4.016000986099243,119.5218830028789,1.9920313833813148,8,480,1.9920313833813148,8,0,512,8,ATTACK,syn_randip_basic.csv
4.016068696975708,149.39983483146807,2.4899972471911345,10,600,2.4899972471911345,10,0,512,10,ATTACK,syn_randip_basic.csv
4.001007318496704,119.96978805336204,1.999496467556034,8,480,1.999496467556034,8,0,512,8,ATTACK,syn_randip_basic.csv
4.001211881637573,134.95911138277302,2.2493185230462167,9,540,2.2493185230462167,9,0,512,9,ATTACK,syn_randip_basic.csv
4.016185998916626,149.39547126598498,2.48992452109975,10,600,2.48992452109975,10,0,512,10,ATTACK,syn_randip_basic.csv
4.0009636878967285,119.9710963266282,1.9995182721104696,8,480,1.9995182721104696,8,0,512,8,ATTACK,syn_randip_basic.csv
4.016282558441162,149.39187949786026,2.489864658297671,10,600,2.489864658297671,10,0,512,10,ATTACK,syn_randip_basic.csv
4.016102313995361,134.45872584425987,2.240978764070998,9,540,2.240978764070998,9,0,512,9,ATTACK,syn_randip_basic.csv
4.0163414478302,149.38968904751505,2.4898281507919173,10,600,2.4898281507919173,10,0,512,10,ATTACK,syn_randip_basic.csv
4.009554624557495,149.64255539135286,2.494042589855881,10,600,2.494042589855881,10,0,512,10,ATTACK,syn_randip_basic.csv
4.0209715366363525,134.2959021420291,2.238265035700485,9,540,2.238265035700485,9,0,512,9,ATTACK,syn_randip_basic.csv
4.001572132110596,134.94696138719397,2.2491160231199,9,540,2.2491160231199,9,0,512,9,ATTACK,syn_randip_basic.csv
4.016178607940674,119.5165969588498,1.9919432826474968,8,480,1.9919432826474968,8,0,512,8,ATTACK,syn_randip_basic.csv
4.016777038574219,149.37348880409203,2.489558146734867,10,600,2.489558146734867,10,0,512,10,ATTACK,syn_randip_basic.csv
4.01640248298645,149.3874188509768,2.4897903141829465,10,600,2.4897903141829465,10,0,512,10,ATTACK,syn_randip_basic.csv
4.016923904418945,149.36802744506832,2.489467124084472,10,600,2.489467124084472,10,0,512,10,ATTACK,syn_randip_basic.csv
4.016275644302368,149.39213668045454,2.4898689446742424,10,600,2.4898689446742424,10,0,512,10,ATTACK,syn_randip_basic.csv
4.016484260559082,149.3843772504867,2.489739620841445,10,600,2.489739620841445,10,0,512,10,ATTACK,syn_randip_basic.csv
4.016822576522827,149.37179538544407,2.4895299230907346,10,600,2.4895299230907346,10,0,512,10,ATTACK,syn_randip_basic.csv
4.016236782073975,149.39358224047774,2.489893037341296,10,600,2.489893037341296,10,0,512,10,ATTACK,syn_randip_basic.csv
4.016123294830322,149.3978037906203,2.4899633965103383,10,600,2.4899633965103383,10,0,512,10,ATTACK,syn_randip_basic.csv
4.001528739929199,134.94842473867985,2.249140412311331,9,540,2.249140412311331,9,0,512,9,ATTACK,syn_randip_basic.csv
4.016664981842041,134.43989041683935,2.240664840280656,9,540,2.240664840280656,9,0,512,9,ATTACK,syn_randip_basic.csv
4.016403913497925,134.44862907966564,2.240810484661094,9,540,2.240810484661094,9,0,512,9,ATTACK,syn_randip_basic.csv
4.0207061767578125,134.30476544681045,2.2384127574468407,9,540,2.2384127574468407,9,0,512,9,ATTACK,syn_randip_basic.csv
4.016185522079468,134.45594010318607,2.240932335053101,9,540,2.240932335053101,9,0,512,9,ATTACK,syn_randip_basic.csv
4.020209074020386,149.24596928984434,2.4874328214974053,10,600,2.4874328214974053,10,0,512,10,ATTACK,syn_randip_basic.csv
4.016240835189819,149.39343147524227,2.489890524587371,10,600,2.489890524587371,10,0,512,10,ATTACK,syn_randip_basic.csv
4.020420074462891,149.238136534814,2.487302275580233,10,600,2.487302275580233,10,0,512,10,ATTACK,syn_randip_basic.csv
4.015848875045776,119.52641021495825,1.9921068369159705,8,480,1.9921068369159705,8,0,512,8,ATTACK,syn_randip_basic.csv
4.015805959701538,119.5276875468541,1.9921281257809016,8,480,1.9921281257809016,8,0,512,8,ATTACK,syn_randip_basic.csv
4.01591944694519,134.4648484945993,2.2410808082433213,9,540,2.2410808082433213,9,0,512,9,ATTACK,syn_randip_basic.csv
4.015721082687378,149.412767382358,2.4902127897059665,10,600,2.4902127897059665,10,0,512,10,ATTACK,syn_randip_basic.csv
4.015988111495972,149.40283271319188,2.490047211886531,10,600,2.490047211886531,10,0,512,10,ATTACK,syn_randip_basic.csv
4.001381158828735,119.9585795371974,1.9993096589532904,8,480,1.9993096589532904,8,0,512,8,ATTACK,syn_randip_basic.csv
4.016196489334106,134.45557293675466,2.240926215612578,9,540,2.240926215612578,9,0,512,9,ATTACK,syn_randip_basic.csv
4.016187906265259,134.45586028422605,2.2409310047371007,9,540,2.2409310047371007,9,0,512,9,ATTACK,syn_randip_basic.csv
4.000955104827881,134.96777290712205,2.249462881785367,9,540,2.249462881785367,9,0,512,9,ATTACK,syn_randip_basic.csv
4.016445636749268,149.3858137927178,2.489763563211964,10,600,2.489763563211964,10,0,512,10,ATTACK,syn_randip_basic.csv
4.015934944152832,149.4048106714465,2.490080177857442,10,600,2.490080177857442,10,0,512,10,ATTACK,syn_randip_basic.csv
4.015948295593262,149.4043139595163,2.4900718993252715,10,600,2.4900718993252715,10,0,512,10,ATTACK,syn_randip_basic.csv
4.016613483428955,134.44161411792248,2.2406935686320413,9,540,2.2406935686320413,9,0,512,9,ATTACK,syn_randip_basic.csv
4.016019105911255,149.40167966752165,2.490027994458694,10,600,2.490027994458694,10,0,512,10,ATTACK,syn_randip_basic.csv
4.016294717788696,119.5131417707015,1.9918856961783584,8,480,1.9918856961783584,8,0,512,8,ATTACK,syn_randip_basic.csv
4.016104459762573,134.45865400421485,2.240977566736914,9,540,2.240977566736914,9,0,512,9,ATTACK,syn_randip_basic.csv
4.016651153564453,149.37817028684418,2.489636171447403,10,600,2.489636171447403,10,0,512,10,ATTACK,syn_randip_basic.csv
4.015991926193237,134.46242171902634,2.241040361983772,9,540,2.241040361983772,9,0,512,9,ATTACK,syn_randip_basic.csv
4.001385450363159,119.958450880166,1.9993075146694337,8,480,1.9993075146694337,8,0,512,8,ATTACK,syn_randip_basic.csv
4.016058206558228,149.4002250814491,2.490003751357485,10,600,2.490003751357485,10,0,512,10,ATTACK,syn_randip_basic.csv
4.016711711883545,149.375918173287,2.48959863622145,10,600,2.48959863622145,10,0,512,10,ATTACK,syn_randip_basic.csv
4.01632833480835,149.39017679405703,2.4898362799009504,10,600,2.4898362799009504,10,0,512,10,ATTACK,syn_randip_basic.csv
4.01623010635376,134.45444750431724,2.240907458405287,9,540,2.240907458405287,9,0,512,9,ATTACK,syn_randip_basic.csv
4.01603102684021,119.5209889545254,1.9920164825754232,8,480,1.9920164825754232,8,0,512,8,ATTACK,syn_randip_basic.csv
4.0159406661987305,149.40459779450055,2.490076629908343,10,600,2.490076629908343,10,0,512,10,ATTACK,syn_randip_basic.csv
4.016984701156616,134.42919009487812,2.2404865015813025,9,540,2.2404865015813025,9,0,512,9,ATTACK,syn_randip_basic.csv
4.023329496383667,119.30417342935588,1.9884028904892643,8,480,1.9884028904892643,8,0,512,8,ATTACK,syn_randip_basic.csv
4.016186714172363,149.39544465966023,2.489924077661004,10,600,2.489924077661004,10,0,512,10,ATTACK,syn_randip_basic.csv
4.001383066177368,134.95333765079306,2.2492222941798845,9,540,2.2492222941798845,9,0,512,9,ATTACK,syn_randip_basic.csv
4.016293287277222,149.39148042317396,2.489858007052899,10,600,2.489858007052899,10,0,512,10,ATTACK,syn_randip_basic.csv
4.016535758972168,149.38246190382233,2.489707698397039,10,600,2.489707698397039,10,0,512,10,ATTACK,syn_randip_basic.csv
4.001059293746948,119.96822960113776,1.999470493352296,8,480,1.999470493352296,8,0,512,8,ATTACK,syn_randip_basic.csv
4.015968322753906,134.4632120080322,2.241053533467204,9,540,2.241053533467204,9,0,512,9,ATTACK,syn_randip_basic.csv
4.016090154647827,149.39903659922055,2.4899839433203423,10,600,2.4899839433203423,10,0,512,10,ATTACK,syn_randip_basic.csv
4.01676082611084,119.49927336469068,1.991654556078178,8,480,1.991654556078178,8,0,512,8,ATTACK,syn_randip_basic.csv
4.0162129402160645,149.39446910096385,2.489907818349397,10,600,2.489907818349397,10,0,512,10,ATTACK,syn_randip_basic.csv
4.015653371810913,149.4152867406038,2.490254779010063,10,600,2.490254779010063,10,0,512,10,ATTACK,syn_randip_basic.csv
4.015750169754028,134.47051663402556,2.241175277233759,9,540,2.241175277233759,9,0,512,9,ATTACK,syn_randip_basic.csv
4.0011067390441895,119.96680701266808,1.999446783544468,8,480,1.999446783544468,8,0,512,8,ATTACK,syn_randip_basic.csv
4.0161662101745605,149.396207378061,2.48993678963435,10,600,2.48993678963435,10,0,512,10,ATTACK,syn_randip_basic.csv
4.016281604766846,134.452723474142,2.2408787245690336,9,540,2.2408787245690336,9,0,512,9,ATTACK,syn_randip_basic.csv
4.017031908035278,119.49120917856165,1.9915201529760271,8,480,1.9915201529760271,8,0,512,8,ATTACK,syn_randip_basic.csv
4.016135692596436,134.4576083411389,2.240960139018981,9,540,2.240960139018981,9,0,512,9,ATTACK,syn_randip_basic.csv
4.012296438217163,119.63223739601972,1.9938706232669952,8,480,1.9938706232669952,8,0,512,8,ATTACK,syn_randip_basic.csv
4.0167458057403564,134.4371852528688,2.24061975421448,9,540,2.24061975421448,9,0,512,9,ATTACK,syn_randip_basic.csv
4.016102313995361,149.39858427139987,2.4899764045233312,10,600,2.4899764045233312,10,0,512,10,ATTACK,syn_randip_basic.csv
1.0099563598632812,178.22552256056565,2.970425376009428,3,180,2.970425376009428,3,0,512,3,ATTACK,syn_randip_basic.csv
3.315117359161377,4144.649649288976,69.07749415481628,229,13740,69.07749415481628,229,0,512,229,ATTACK,syn_u100_basic.csv
0.2769982814788818,823.1097997529727,14.440522802683732,4,228,14.440522802683732,0,4,0,2,ATTACK,syn_u100_basic.csv
0.122352123260498,1863.4739955805155,32.69252623825466,4,228,32.69252623825466,0,4,0,2,ATTACK,syn_u100_basic.csv
0.3079679012298584,740.3368957917057,12.988366592836943,4,228,12.988366592836943,0,4,0,2,ATTACK,syn_u100_basic.csv
0.1064140796661377,2142.573621040792,37.589010895452496,4,228,37.589010895452496,0,4,0,2,ATTACK,syn_u100_basic.csv
0.1070058345794677,2130.724935663915,37.38113922217395,4,228,37.38113922217395,0,4,0,2,ATTACK,syn_u100_basic.csv
0.2313258647918701,985.6225986883808,17.291624538392643,4,228,17.291624538392643,0,4,0,2,ATTACK,syn_u100_basic.csv
0.0912702083587646,2498.0769092120213,43.82591068793021,4,228,43.82591068793021,0,4,0,2,ATTACK,syn_u100_basic.csv
0.0792572498321533,2876.708446014036,50.468569228316426,4,228,50.468569228316426,0,4,0,2,ATTACK,syn_u100_basic.csv
0.168581485748291,1352.461683369114,23.727397953844108,4,228,23.727397953844108,0,4,0,2,ATTACK,syn_u100_basic.csv
0.1674022674560547,1361.9887201339911,23.89453894971914,4,228,23.89453894971914,0,4,0,2,ATTACK,syn_u100_basic.csv
0.1284499168395996,1775.0108805808916,31.140541764577044,4,228,31.140541764577044,0,4,0,2,ATTACK,syn_u100_basic.csv
0.1550164222717285,1470.811909207519,25.80371770539508,4,228,25.80371770539508,0,4,0,2,ATTACK,syn_u100_basic.csv
0.0657155513763427,3469.49839459277,60.86839288759247,4,228,60.86839288759247,0,4,0,2,ATTACK,syn_u100_basic.csv
0.1425130367279052,1599.853636094442,28.06760765077968,4,228,28.06760765077968,0,4,0,2,ATTACK,syn_u100_basic.csv
0.126399278640747,1803.8077626061715,31.645750221160903,4,228,31.645750221160903,0,4,0,2,ATTACK,syn_u100_basic.csv
0.1582262516021728,1061.7707131329964,18.960191305946367,3,168,18.960191305946367,0,3,0,1,ATTACK,syn_u100_basic.csv
0.1526975631713867,1493.1476001623832,26.195571932673392,4,228,26.195571932673392,0,4,0,2,ATTACK,syn_u100_basic.csv
4.987242221832275,5714.581071526402,95.24301785877336,475,28500,95.24301785877336,475,0,512,475,ATTACK,syn_u100_basic.csv
4.99335241317749,5503.316755188377,91.72194591980627,458,27480,91.72194591980627,458,0,512,458,ATTACK,syn_u100_basic.csv
4.979988098144531,5590.374806392161,93.17291343986936,464,27840,93.17291343986936,464,0,512,464,ATTACK,syn_u100_basic.csv
4.984560489654541,5513.02367721984,91.883727953664,458,27480,91.883727953664,458,0,512,458,ATTACK,syn_u100_basic.csv
4.93748950958252,5614.1891433292,93.56981905548668,462,27720,93.56981905548668,462,0,512,462,ATTACK,syn_u100_basic.csv
4.993138313293457,5347.338352097195,89.12230586828657,445,26700,89.12230586828657,445,0,512,445,ATTACK,syn_u100_basic.csv
4.956151723861694,5653.579946936653,94.22633244894422,467,28020,94.22633244894422,467,0,512,467,ATTACK,syn_u100_basic.csv
4.991917848587036,5300.567998627925,88.34279997713207,441,26460,88.34279997713207,441,0,512,441,ATTACK,syn_u100_basic.csv
4.980807304382324,5517.177903233064,91.9529650538844,458,27480,91.9529650538844,458,0,512,458,ATTACK,syn_u100_basic.csv
4.99535870552063,5513.117600456623,91.88529334094372,459,27540,91.88529334094372,459,0,512,459,ATTACK,syn_u100_basic.csv
4.988840818405151,5760.857290529405,96.01428817549008,479,28740,96.01428817549008,479,0,512,479,ATTACK,syn_u100_basic.csv
4.98490047454834,5548.756718659694,92.47927864432825,461,27660,92.47927864432825,461,0,512,461,ATTACK,syn_u100_basic.csv
4.955591678619385,5642.11133871901,94.03518897865015,466,27960,94.03518897865015,466,0,512,466,ATTACK,syn_u100_basic.csv
4.950881481170654,5611.122000325348,93.51870000542246,463,27780,93.51870000542246,463,0,512,463,ATTACK,syn_u100_basic.csv
4.980263948440552,5288.876307097685,88.14793845162808,439,26340,88.14793845162808,439,0,512,439,ATTACK,syn_u100_basic.csv
4.9879069328308105,5256.713958999078,87.6118993166513,437,26220,87.6118993166513,437,0,512,437,ATTACK,syn_u100_basic.csv
4.997127532958984,5583.207515914523,93.0534585985754,465,27900,93.0534585985754,465,0,512,465,ATTACK,syn_u100_basic.csv
4.977775573730469,5195.091585983229,86.58485976638715,431,25860,86.58485976638715,431,0,512,431,ATTACK,syn_u100_basic.csv
4.974141359329224,5367.760598504697,89.46267664174495,445,26700,89.46267664174495,445,0,512,445,ATTACK,syn_u100_basic.csv
4.989611625671387,5074.5432509675575,84.5757208494593,422,25320,84.5757208494593,422,0,512,422,ATTACK,syn_u100_basic.csv
4.9896533489227295,4966.276866778736,82.77128111297893,413,24780,82.77128111297893,413,0,512,413,ATTACK,syn_u100_basic.csv
4.974817752838135,5161.998142615285,86.03330237692143,428,25680,86.03330237692143,428,0,512,428,ATTACK,syn_u100_basic.csv
4.991150617599487,5277.340240368928,87.95567067281546,439,26340,87.95567067281546,439,0,512,439,ATTACK,syn_u100_basic.csv
4.9878013134002686,5798.145953068196,96.63576588446992,482,28920,96.63576588446992,482,0,512,482,ATTACK,syn_u100_basic.csv
4.972301721572876,5442.147624026359,90.7024604004393,451,27060,90.7024604004393,451,0,512,451,ATTACK,syn_u100_basic.csv
4.9604332447052,5564.030123671239,92.73383539452064,460,27600,92.73383539452064,460,0,512,460,ATTACK,syn_u100_basic.csv
4.9526097774505615,5536.474956061429,92.2745826010238,457,27420,92.2745826010238,457,0,512,457,ATTACK,syn_u100_basic.csv
4.9930808544158936,5671.848869611979,94.530814493533,472,28320,94.530814493533,472,0,512,472,ATTACK,syn_u100_basic.csv
4.976813316345215,5618.052802618036,93.63421337696728,466,27960,93.63421337696728,466,0,512,466,ATTACK,syn_u100_basic.csv
4.995433807373047,5633.144404489268,93.88574007482114,469,28140,93.88574007482114,469,0,512,469,ATTACK,syn_u100_basic.csv
4.995403289794922,5573.123606831537,92.88539344719229,464,27840,92.88539344719229,464,0,512,464,ATTACK,syn_u100_basic.csv
4.975483179092407,5728.086896115036,95.4681149352506,475,28500,95.4681149352506,475,0,512,475,ATTACK,syn_u100_basic.csv
4.960224151611328,5201.377843301471,86.68963072169119,430,25800,86.68963072169119,430,0,512,430,ATTACK,syn_u100_basic.csv
4.992802619934082,5479.888167572149,91.3314694595358,456,27360,91.3314694595358,456,0,512,456,ATTACK,syn_u100_basic.csv
4.9848151206970215,5633.107611837288,93.8851268639548,468,28080,93.8851268639548,468,0,512,468,ATTACK,syn_u100_basic.csv
4.992925405502319,5431.685394320759,90.52808990534598,452,27120,90.52808990534598,452,0,512,452,ATTACK,syn_u100_basic.csv
4.985395908355713,5319.537402345814,88.65895670576357,442,26520,88.65895670576357,442,0,512,442,ATTACK,syn_u100_basic.csv
4.9785754680633545,5435.289707585015,90.5881617930836,451,27060,90.5881617930836,451,0,512,451,ATTACK,syn_u100_basic.csv
0.0497043132781982,4587.127051205181,80.47591317903826,4,228,80.47591317903826,0,4,0,2,ATTACK,syn_u100_basic.csv
0.039813756942749,5726.663784275799,100.46778568904912,4,228,100.46778568904912,0,4,0,2,ATTACK,syn_u100_basic.csv
4.987737655639648,5389.216886659367,89.8202814443228,448,26880,89.8202814443228,448,0,512,448,ATTACK,syn_u100_basic.csv
4.998660564422607,5221.398745448681,87.02331242414469,435,26100,87.02331242414469,435,0,512,435,ATTACK,syn_u100_basic.csv
4.972114562988281,5369.948673095956,89.49914455159927,445,26700,89.49914455159927,445,0,512,445,ATTACK,syn_u100_basic.csv
4.974490165710449,5500.061129599698,91.66768549332828,456,27360,91.66768549332828,456,0,512,456,ATTACK,syn_u100_basic.csv
4.9698803424835205,5722.471778020338,95.37452963367232,474,28440,95.37452963367232,474,0,512,474,ATTACK,syn_u100_basic.csv
4.994934320449829,5441.512992217333,90.6918832036222,453,27180,90.6918832036222,453,0,512,453,ATTACK,syn_u100_basic.csv
4.994591951370239,5562.015930526358,92.70026550877265,463,27780,92.70026550877265,463,0,512,463,ATTACK,syn_u100_basic.csv
4.979185581207275,5398.473216473799,89.97455360789664,448,26880,89.97455360789664,448,0,512,448,ATTACK,syn_u100_basic.csv
4.990101099014282,5374.640607040583,89.57734345067638,447,26820,89.57734345067638,447,0,512,447,ATTACK,syn_u100_basic.csv
4.9884021282196045,5171.996831219419,86.19994718699031,430,25800,86.19994718699031,430,0,512,430,ATTACK,syn_u100_basic.csv
4.950151443481445,5321.049325609129,88.68415542681882,439,26340,88.68415542681882,439,0,512,439,ATTACK,syn_u100_basic.csv
4.980798006057739,5685.835877214191,94.7639312869032,472,28320,94.7639312869032,472,0,512,472,ATTACK,syn_u100_basic.csv
4.995299816131592,4780.493840005965,79.67489733343274,398,23880,79.67489733343274,398,0,512,398,ATTACK,syn_u100_basic.csv
4.949747562408447,4375.980739805786,72.93301233009642,361,21660,72.93301233009642,361,0,512,361,ATTACK,syn_u100_basic.csv
4.970978498458862,4646.972423469872,77.44954039116452,385,23100,77.44954039116452,385,0,512,385,ATTACK,syn_u100_basic.csv
4.995988368988037,5440.364947347835,90.67274912246393,453,27180,90.67274912246393,453,0,512,453,ATTACK,syn_u100_basic.csv
4.9914162158966064,5144.832426158857,85.74720710264762,428,25680,85.74720710264762,428,0,512,428,ATTACK,syn_u100_basic.csv
4.989606618881226,5435.298225189719,90.58830375316198,452,27120,90.58830375316198,452,0,512,452,ATTACK,syn_u100_basic.csv
4.979368448257446,5639.269375582506,93.9878229263751,468,28080,93.9878229263751,468,0,512,468,ATTACK,syn_u100_basic.csv
4.977402687072754,4930.282226056367,82.17137043427279,409,24540,82.17137043427279,409,0,512,409,ATTACK,syn_u100_basic.csv
4.990856885910034,5337.760751106462,88.96267918510769,444,26640,88.96267918510769,444,0,512,444,ATTACK,syn_u100_basic.csv
4.986596822738648,5462.643355441707,91.04405592402846,454,27240,91.04405592402846,454,0,512,454,ATTACK,syn_u100_basic.csv
0.0705258846282959,2382.1041151832105,42.53757348541448,3,168,42.53757348541448,0,3,0,1,ATTACK,syn_u100_basic.csv
4.9913177490234375,5457.47663637114,90.957943939519,454,27240,90.957943939519,454,0,512,454,ATTACK,syn_u100_basic.csv
4.985550165176392,5235.129350880088,87.25215584800146,435,26100,87.25215584800146,435,0,512,435,ATTACK,syn_u100_basic.csv
4.98163628578186,5275.375096131771,87.92291826886284,438,26280,87.92291826886284,438,0,512,438,ATTACK,syn_u100_basic.csv
4.998258352279663,5125.785462513144,85.4297577085524,427,25620,85.4297577085524,427,0,512,427,ATTACK,syn_u100_basic.csv
4.994372606277466,5225.881618683137,87.09802697805227,435,26100,87.09802697805227,435,0,512,435,ATTACK,syn_u100_basic.csv
4.979248523712158,5181.504774693478,86.35841291155796,430,25800,86.35841291155796,430,0,512,430,ATTACK,syn_u100_basic.csv
4.985483646392822,5295.373904014579,88.25623173357633,440,26400,88.25623173357633,440,0,512,440,ATTACK,syn_u100_basic.csv
4.998288631439209,5353.832476115874,89.23054126859789,446,26760,89.23054126859789,446,0,512,446,ATTACK,syn_u100_basic.csv
4.985137939453125,5211.490698058805,86.85817830098009,433,25980,86.85817830098009,433,0,512,433,ATTACK,syn_u100_basic.csv
4.983900785446167,5140.551769171395,85.67586281952326,427,25620,85.67586281952326,427,0,512,427,ATTACK,syn_u100_basic.csv
4.986617565155029,5185.879940082398,86.43133233470664,431,25860,86.43133233470664,431,0,512,431,ATTACK,syn_u100_basic.csv
4.991042137145996,5145.218031496018,85.75363385826697,428,25680,85.75363385826697,428,0,512,428,ATTACK,syn_u100_basic.csv
4.997114181518555,5331.076904051143,88.85128173418572,444,26640,88.85128173418572,444,0,512,444,ATTACK,syn_u100_basic.csv
4.995415687561035,5344.900538805015,89.08167564675024,445,26700,89.08167564675024,445,0,512,445,ATTACK,syn_u100_basic.csv
4.954677104949951,5388.847635161828,89.81412725269715,445,26700,89.81412725269715,445,0,512,445,ATTACK,syn_u100_basic.csv
4.995918273925781,5428.431474057955,90.47385790096592,452,27120,90.47385790096592,452,0,512,452,ATTACK,syn_u100_basic.csv
4.977553844451904,5219.431233065998,86.99052055109996,433,25980,86.99052055109996,433,0,512,433,ATTACK,syn_u100_basic.csv
4.992326974868774,5107.838514657842,85.13064191096404,425,25500,85.13064191096404,425,0,512,425,ATTACK,syn_u100_basic.csv
4.963045358657837,5367.672079306624,89.46120132177707,444,26640,89.46120132177707,444,0,512,444,ATTACK,syn_u100_basic.csv
4.9947004318237305,5237.551352093426,87.29252253489044,436,26160,87.29252253489044,436,0,512,436,ATTACK,syn_u100_basic.csv
4.993767976760864,5094.349621045328,84.90582701742213,424,25440,84.90582701742213,424,0,512,424,ATTACK,syn_u100_basic.csv
4.994990587234497,5249.259141150223,87.4876523525037,437,26220,87.4876523525037,437,0,512,437,ATTACK,syn_u100_basic.csv
4.965227365493774,4857.783586633671,80.96305977722784,402,24120,80.96305977722784,402,0,512,402,ATTACK,syn_u100_basic.csv
1.505831956863403,4502.494431133278,75.0415738522213,113,6780,75.0415738522213,113,0,512,113,ATTACK,syn_u10_basic.csv
0.1699538230895996,1341.5408718390431,23.535804769106026,4,228,23.535804769106026,0,4,0,2,ATTACK,syn_u10_basic.csv
0.1437783241271972,1585.7744996268966,27.82060525661222,4,228,27.82060525661222,0,4,0,2,ATTACK,syn_u10_basic.csv
0.186439037322998,1222.9198523751186,21.454734252195063,4,228,21.454734252195063,0,4,0,2,ATTACK,syn_u10_basic.csv
0.0889422893524169,2563.4599880445303,44.97298224639526,4,228,44.97298224639526,0,4,0,2,ATTACK,syn_u10_basic.csv
0.1403346061706543,1624.6883518006953,28.50330441755605,4,228,28.50330441755605,0,4,0,2,ATTACK,syn_u10_basic.csv
0.1065950393676757,2138.9363084107968,37.52519839317188,4,228,37.52519839317188,0,4,0,2,ATTACK,syn_u10_basic.csv
0.1024680137634277,2225.084605683812,39.03657202954056,4,228,39.03657202954056,0,4,0,2,ATTACK,syn_u10_basic.csv
0.0921509265899658,2474.201925440287,43.40705132351381,4,228,43.40705132351381,0,4,0,2,ATTACK,syn_u10_basic.csv
0.0985553264617919,2313.421386599447,40.58634011577977,4,228,40.58634011577977,0,4,0,2,ATTACK,syn_u10_basic.csv
0.047957420349121,4754.21735239724,83.4073219718814,4,228,83.4073219718814,0,4,0,2,ATTACK,syn_u10_basic.csv
0.0974256992340087,2340.244943506765,41.05692883345202,4,228,41.05692883345202,0,4,0,2,ATTACK,syn_u10_basic.csv
0.1357958316802978,1678.9911529595186,29.45598513964068,4,228,29.45598513964068,0,4,0,2,ATTACK,syn_u10_basic.csv
0.0634169578552246,3595.2528741682017,63.07461182751232,4,228,63.07461182751232,0,4,0,2,ATTACK,syn_u10_basic.csv
0.1336655616760254,1705.7497618767325,29.92543441889004,4,228,29.92543441889004,0,4,0,2,ATTACK,syn_u10_basic.csv
0.1285369396209716,1773.8091530133197,31.119458824795085,4,228,31.119458824795085,0,4,0,2,ATTACK,syn_u10_basic.csv
0.0887482166290283,2569.065708137557,45.071328212939605,4,228,45.071328212939605,0,4,0,2,ATTACK,syn_u10_basic.csv
0.1077923774719238,2115.1773933123063,37.10837532126853,4,228,37.10837532126853,0,4,0,2,ATTACK,syn_u10_basic.csv
0.1006107330322265,2266.159813456179,39.75718970975753,4,228,39.75718970975753,0,4,0,2,ATTACK,syn_u10_basic.csv
4.988526821136475,4786.984385614612,79.78307309357686,398,23880,79.78307309357686,398,0,512,398,ATTACK,syn_u10_basic.csv
4.995666980743408,5344.631678396377,89.0771946399396,445,26700,89.0771946399396,445,0,512,445,ATTACK,syn_u10_basic.csv
4.989522695541382,5062.608498117914,84.37680830196523,421,25260,84.37680830196523,421,0,512,421,ATTACK,syn_u10_basic.csv
4.937826871871948,4751.0778746898895,79.1846312448315,391,23460,79.1846312448315,391,0,512,391,ATTACK,syn_u10_basic.csv
4.982812643051148,5213.922710144597,86.89871183574328,433,25980,86.89871183574328,433,0,512,433,ATTACK,syn_u10_basic.csv
4.998751163482666,5317.328094699861,88.62213491166436,443,26580,88.62213491166436,443,0,512,443,ATTACK,syn_u10_basic.csv
4.980437517166138,5023.655033069534,83.72758388449223,417,25020,83.72758388449223,417,0,512,417,ATTACK,syn_u10_basic.csv
4.984836101531982,5308.098292713794,88.46830487856323,441,26460,88.46830487856323,441,0,512,441,ATTACK,syn_u10_basic.csv
4.9872376918792725,5028.835910676125,83.8139318446021,418,25080,83.8139318446021,418,0,512,418,ATTACK,syn_u10_basic.csv
4.974533796310425,5126.108504662922,85.43514174438204,425,25500,85.43514174438204,425,0,512,425,ATTACK,syn_u10_basic.csv
4.986432313919067,4837.12572066239,80.61876201103983,402,24120,80.61876201103983,402,0,512,402,ATTACK,syn_u10_basic.csv
4.996089220046997,5452.264521357719,90.87107535596198,454,27240,90.87107535596198,454,0,512,454,ATTACK,syn_u10_basic.csv
4.97926926612854,5458.632290663983,90.97720484439972,453,27180,90.97720484439972,453,0,512,453,ATTACK,syn_u10_basic.csv
4.996230840682983,5344.028498961453,89.06714164935754,445,26700,89.06714164935754,445,0,512,445,ATTACK,syn_u10_basic.csv
4.984351396560669,5332.689829681929,88.87816382803216,443,26580,88.87816382803216,443,0,512,443,ATTACK,syn_u10_basic.csv
4.978395462036133,5423.434157831481,90.39056929719136,450,27000,90.39056929719136,450,0,512,450,ATTACK,syn_u10_basic.csv
4.99278450012207,5419.821344049277,90.33035573415462,451,27060,90.33035573415462,451,0,512,451,ATTACK,syn_u10_basic.csv
4.978526830673218,5326.876986301961,88.78128310503267,442,26520,88.78128310503267,442,0,512,442,ATTACK,syn_u10_basic.csv
4.985380411148071,5644.50406574284,94.07506776238068,469,28140,94.07506776238068,469,0,512,469,ATTACK,syn_u10_basic.csv
4.9853105545043945,5151.1334588368345,85.85222431394725,428,25680,85.85222431394725,428,0,512,428,ATTACK,syn_u10_basic.csv
4.985653162002564,5162.814011246049,86.04690018743415,429,25740,86.04690018743415,429,0,512,429,ATTACK,syn_u10_basic.csv
4.993074893951416,5010.9402585387,83.515670975645,417,25020,83.515670975645,417,0,512,417,ATTACK,syn_u10_basic.csv
4.985287427902222,5307.617741738555,88.46029569564259,441,26460,88.46029569564259,441,0,512,441,ATTACK,syn_u10_basic.csv
4.991479873657227,5457.299376034831,90.95498960058052,454,27240,90.95498960058052,454,0,512,454,ATTACK,syn_u10_basic.csv
4.979014873504639,5121.495044269874,85.35825073783123,425,25500,85.35825073783123,425,0,512,425,ATTACK,syn_u10_basic.csv
4.977763891220093,5267.425408876365,87.79042348127274,437,26220,87.79042348127274,437,0,512,437,ATTACK,syn_u10_basic.csv
4.98043704032898,5336.881037701919,88.94801729503199,443,26580,88.94801729503199,443,0,512,443,ATTACK,syn_u10_basic.csv
4.973750591278076,5259.612342821118,87.66020571368529,436,26160,87.66020571368529,436,0,512,436,ATTACK,syn_u10_basic.csv
4.994475603103638,5718.318051699444,95.3053008616574,476,28560,95.3053008616574,476,0,512,476,ATTACK,syn_u10_basic.csv
4.987866640090942,5485.3110506381045,91.4218508439684,456,27360,91.4218508439684,456,0,512,456,ATTACK,syn_u10_basic.csv
4.989944219589233,5254.567755901368,87.5761292650228,437,26220,87.5761292650228,437,0,512,437,ATTACK,syn_u10_basic.csv
4.982657432556152,5069.583920209697,84.49306533682828,421,25260,84.49306533682828,421,0,512,421,ATTACK,syn_u10_basic.csv
4.993032217025757,5107.117056654965,85.11861761091609,425,25500,85.11861761091609,425,0,512,425,ATTACK,syn_u10_basic.csv
4.977620124816895,4869.7970902091865,81.16328483681977,404,24240,81.16328483681977,404,0,512,404,ATTACK,syn_u10_basic.csv
4.985178232192993,5271.626966171551,87.8604494361925,438,26280,87.8604494361925,438,0,512,438,ATTACK,syn_u10_basic.csv
4.982271432876587,5383.086883428807,89.71811472381344,447,26820,89.71811472381344,447,0,512,447,ATTACK,syn_u10_basic.csv
4.960926294326782,5563.477133607653,92.72461889346089,460,27600,92.72461889346089,460,0,512,460,ATTACK,syn_u10_basic.csv
4.944690942764282,5593.878428433576,93.2313071405596,461,27660,93.2313071405596,461,0,512,461,ATTACK,syn_u10_basic.csv
4.974370002746582,5355.452044236921,89.25753407061535,444,26640,89.25753407061535,444,0,512,444,ATTACK,syn_u10_basic.csv
4.988450527191162,5412.502309650617,90.20837182751028,450,27000,90.20837182751028,450,0,512,450,ATTACK,syn_u10_basic.csv
4.976672410964966,5208.299413658648,86.80499022764413,432,25920,86.80499022764413,432,0,512,432,ATTACK,syn_u10_basic.csv
4.97608494758606,5425.952387146833,90.43253978578052,450,27000,90.43253978578052,450,0,512,450,ATTACK,syn_u10_basic.csv
4.9799394607543945,5096.447497005369,84.94079161675614,423,25380,84.94079161675614,423,0,512,423,ATTACK,syn_u10_basic.csv
4.991706609725952,5517.151177583324,91.95251962638874,459,27540,91.95251962638874,459,0,512,459,ATTACK,syn_u10_basic.csv
4.975399494171143,4751.377256780104,79.18962094633507,394,23640,79.18962094633507,394,0,512,394,ATTACK,syn_u10_basic.csv
4.9508795738220215,4774.90911412943,79.58181856882383,394,23640,79.58181856882383,394,0,512,394,ATTACK,syn_u10_basic.csv
4.986517906188965,5065.659138343575,84.42765230572626,421,25260,84.42765230572626,421,0,512,421,ATTACK,syn_u10_basic.csv
4.982087850570679,4455.9631756507615,74.2660529275127,370,22200,74.2660529275127,370,0,512,370,ATTACK,syn_u10_basic.csv
4.979235649108887,4554.915974715706,75.91526624526178,378,22680,75.91526624526178,378,0,512,378,ATTACK,syn_u10_basic.csv
4.989452600479126,4124.700973814993,68.74501623024989,343,20580,68.74501623024989,343,0,512,343,ATTACK,syn_u10_basic.csv
4.976790428161621,4762.10528494256,79.36842141570932,395,23700,79.36842141570932,395,0,512,395,ATTACK,syn_u10_basic.csv
4.989311456680298,5459.671186397428,90.99451977329046,454,27240,90.99451977329046,454,0,512,454,ATTACK,syn_u10_basic.csv
4.980226993560791,5288.915552254231,88.14859253757052,439,26340,88.14859253757052,439,0,512,439,ATTACK,syn_u10_basic.csv
4.9905619621276855,5806.961264066665,96.7826877344444,483,28980,96.7826877344444,483,0,512,483,ATTACK,syn_u10_basic.csv
4.986090421676636,5114.227349175369,85.23712248625615,425,25500,85.23712248625615,425,0,512,425,ATTACK,syn_u10_basic.csv
4.987167119979858,5052.968828544445,84.21614714240742,420,25200,84.21614714240742,420,0,512,420,ATTACK,syn_u10_basic.csv
4.975687503814697,5221.389000029038,87.02315000048395,433,25980,87.02315000048395,433,0,512,433,ATTACK,syn_u10_basic.csv
4.981969594955444,4696.93753725313,78.28229228755217,390,23400,78.28229228755217,390,0,512,390,ATTACK,syn_u10_basic.csv
4.998557329177856,5449.572387815412,90.8262064635902,454,27240,90.8262064635902,454,0,512,454,ATTACK,syn_u10_basic.csv
4.971388101577759,5503.493076977195,91.7248846162866,456,27360,91.7248846162866,456,0,512,456,ATTACK,syn_u10_basic.csv
4.986507892608643,4933.312155479363,82.22186925798938,410,24600,82.22186925798938,410,0,512,410,ATTACK,syn_u10_basic.csv
4.990193128585815,4785.385932902244,79.7564322150374,398,23880,79.7564322150374,398,0,512,398,ATTACK,syn_u10_basic.csv
4.977418422698975,4640.960039576935,77.34933399294893,385,23100,77.34933399294893,385,0,512,385,ATTACK,syn_u10_basic.csv
4.9857258796691895,4970.189015214008,82.83648358690013,413,24780,82.83648358690013,413,0,512,413,ATTACK,syn_u10_basic.csv
4.9864232540130615,5366.57211729141,89.4428686215235,446,26760,89.4428686215235,446,0,512,446,ATTACK,syn_u10_basic.csv
4.99642014503479,5235.748644156075,87.26247740260125,436,26160,87.26247740260125,436,0,512,436,ATTACK,syn_u10_basic.csv
4.980725288391113,5071.550534793609,84.52584224656015,421,25260,84.52584224656015,421,0,512,421,ATTACK,syn_u10_basic.csv
4.997604370117188,4994.392943396341,83.23988238993903,416,24960,83.23988238993903,416,0,512,416,ATTACK,syn_u10_basic.csv
4.970240354537964,3887.135957592135,64.78559929320225,322,19320,64.78559929320225,322,0,512,322,ATTACK,syn_u10_basic.csv
4.965407133102417,4180.926043627167,69.68210072711945,346,20760,69.68210072711945,346,0,512,346,ATTACK,syn_u10_basic.csv
4.992538213729858,3845.739216817319,64.09565361362198,320,19200,64.09565361362198,320,0,512,320,ATTACK,syn_u10_basic.csv
4.933433532714844,4086.403488830639,68.10672481384398,336,20160,68.10672481384398,336,0,512,336,ATTACK,syn_u10_basic.csv
4.963604211807251,4170.356683709702,69.50594472849505,345,20700,69.50594472849505,345,0,512,345,ATTACK,syn_u10_basic.csv
4.983015298843384,3937.375027637189,65.62291712728647,327,19620,65.62291712728647,327,0,512,327,ATTACK,syn_u10_basic.csv
4.9851508140563965,4248.617702854594,70.81029504757657,353,21180,70.81029504757657,353,0,512,353,ATTACK,syn_u10_basic.csv
4.993263244628906,5239.05885157156,87.31764752619267,436,26160,87.31764752619267,436,0,512,436,ATTACK,syn_u10_basic.csv
4.9600865840911865,4512.018010286524,75.20030017144208,373,22380,75.20030017144208,373,0,512,373,ATTACK,syn_u10_basic.csv
4.983073472976685,4021.6143929398895,67.02690654899817,334,20040,67.02690654899817,334,0,512,334,ATTACK,syn_u10_basic.csv
4.985324382781982,3935.5513289691626,65.59252214948604,327,19620,65.59252214948604,327,0,512,327,ATTACK,syn_u10_basic.csv
4.970157623291016,4056.209385699714,67.60348976166189,336,20160,67.60348976166189,336,0,512,336,ATTACK,syn_u10_basic.csv
4.994680881500244,4132.396140952332,68.8732690158722,344,20640,68.8732690158722,344,0,512,344,ATTACK,syn_u10_basic.csv
4.992727756500244,4049.890357765797,67.49817262942996,337,20220,67.49817262942996,337,0,512,337,ATTACK,syn_u10_basic.csv
4.994288444519043,4312.926704031075,71.88211173385125,359,21540,71.88211173385125,359,0,512,359,ATTACK,syn_u10_basic.csv
4.978522062301636,4157.860453555993,69.29767422593322,345,20700,69.29767422593322,345,0,512,345,ATTACK,syn_u10_basic.csv
4.993530988693237,4601.954018515796,76.69923364192994,383,22980,76.69923364192994,383,0,512,383,ATTACK,syn_u10_basic.csv
4.990171432495117,4039.9413672888336,67.33235612148056,336,20160,67.33235612148056,336,0,512,336,ATTACK,syn_u10_basic.csv
4.9802021980285645,4505.841150161127,75.09735250268545,374,22440,75.09735250268545,374,0,512,374,ATTACK,syn_u10_basic.csv
4.981276035308838,5119.170232536412,85.31950387560687,425,25500,85.31950387560687,425,0,512,425,ATTACK,syn_u10_basic.csv
4.992364406585693,5035.690096427354,83.92816827378924,419,25140,83.92816827378924,419,0,512,419,ATTACK,syn_u10_basic.csv
4.997601747512817,5342.562562790828,89.04270937984714,445,26700,89.04270937984714,445,0,512,445,ATTACK,syn_u10_basic.csv
4.968300342559815,5410.300937271967,90.17168228786612,448,26880,90.17168228786612,448,0,512,448,ATTACK,syn_u10_basic.csv
4.995890140533447,5260.323838344831,87.67206397241385,438,26280,87.67206397241385,438,0,512,438,ATTACK,syn_u10_basic.csv
4.974278926849365,5053.998854849763,84.23331424749605,419,25140,84.23331424749605,419,0,512,419,ATTACK,syn_u10_basic.csv
4.991347551345825,5649.776880873861,94.16294801456436,470,28200,94.16294801456436,470,0,512,470,ATTACK,syn_u10_basic.csv
4.939713954925537,6146.104871057793,102.43508118429656,506,30360,102.43508118429656,506,0,512,506,ATTACK,syn_u10_basic.csv
0.0358493328094482,4686.2796831667365,83.68356577083458,3,168,83.68356577083458,0,3,0,1,ATTACK,syn_u10_basic.csv
0.0359082221984863,4678.594196932475,83.54632494522276,3,168,83.54632494522276,0,3,0,1,ATTACK,syn_u10_basic.csv
0.0324172973632812,5182.418451400329,92.54318663214876,3,168,92.54318663214876,0,3,0,1,ATTACK,syn_u10_basic.csv
